category,url
Món nướng,https://www.dienmayxanh.com/vao-bep/cong-thuc-uop-thit-nuong-sua-dac-dung-chuan-de-mieng-thit-mem-23425
Món nướng,https://www.dienmayxanh.com/vao-bep/lam-mon-thit-nuong-ngu-vi-huong-cung-cong-thuc-nuoc-cham-ngon-23416
Món nướng,https://www.dienmayxanh.com/vao-bep/cach-lam-dui-cuu-nuong-ngay-tai-nha-don-gian-voi-cong-thuc-23410
Món nướng,https://www.dienmayxanh.com/vao-bep/cach-uop-thit-nuong-mien-bac-dam-vi-thom-lung-an-khong-ngan-23403
Món nướng,https://www.dienmayxanh.com/vao-bep/cach-uop-ga-nuong-truyen-thong-don-gian-ma-ai-cung-nen-biet-23398
Món cháo,https://www.dienmayxanh.com/vao-bep/cach-nau-chao-duoi-bo-vua-ngon-vua-bo-sung-dinh-duong-cho-ca-13803
Món cháo,https://www.dienmayxanh.com/vao-bep/cach-nau-chao-dau-xanh-thit-bo-thom-ngon-don-gian-bo-duong-09252
Món cháo,https://www.dienmayxanh.com/vao-bep/cach-nau-chao-ga-xe-phay-sieu-ngon-tu-cong-thuc-doc-dao-de-13583
Món cháo,https://www.dienmayxanh.com/vao-bep/cach-nau-chao-luon-hat-sen-cho-be-an-dam-sieu-bo-duong-23400
Món cháo,https://www.dienmayxanh.com/vao-bep/cach-nau-chao-luon-dau-xanh-bo-duong-ngon-ngot-ai-an-cung-08120
Món xào,https://www.dienmayxanh.com/vao-bep/cach-lam-thit-da-dieu-xao-sa-ot-dam-vi-dac-sac-tai-nha-ai-an-23422
Món xào,https://www.dienmayxanh.com/vao-bep/cach-lam-thit-heo-sot-ca-chua-dam-da-bat-com-bang-chao-chong-23417
Món xào,https://www.dienmayxanh.com/vao-bep/cach-nhat-rau-muong-de-xao-va-an-song-nhanh-chuan-lam-bua-com-23412
Món xào,https://www.dienmayxanh.com/vao-bep/cach-xao-dau-bap-khong-nhot-mau-xanh-dep-mat-va-de-thuong-23409
Món xào,https://www.dienmayxanh.com/vao-bep/cach-lam-mon-muc-xao-hanh-tay-can-tay-ca-chua-gion-san-sat-an-23401
Món kho,https://www.dienmayxanh.com/vao-bep/cach-lam-ca-loc-kho-tieu-dam-da-chac-thit-keo-nuoc-bat-com-vo-10657
Món kho,https://www.dienmayxanh.com/vao-bep/cach-lam-ga-kho-mang-dam-da-hap-dan-doi-vi-cho-bua-com-gia-09783
Món kho,https://www.dienmayxanh.com/vao-bep/cong-thuc-thit-bo-om-dua-chua-ngot-dam-da-chuan-vi-va-vo-cung-23406
Món kho,https://www.dienmayxanh.com/vao-bep/bi-quyet-lam-tom-rim-thit-ba-roi-dam-da-chuan-vi-com-nha-voi-23395
Món kho,https://www.dienmayxanh.com/vao-bep/cach-lam-thit-heo-kho-rieng-me-don-gian-cho-gia-dinh-thom-17865
Món chiên,https://www.dienmayxanh.com/vao-bep/cach-lam-muc-trung-chien-nuoc-mam-dam-da-huong-vi-thom-ngon-23421
Món chiên,https://www.dienmayxanh.com/vao-bep/cong-thuc-lam-banh-khoai-mi-chien-gion-de-lam-mon-an-vat-ngon-23413
Món chiên,https://www.dienmayxanh.com/vao-bep/cach-lam-ca-cam-chien-vang-gion-thom-ngon-chi-voi-2-buoc-thuc-10961
Món chiên,https://www.dienmayxanh.com/vao-bep/huong-dan-lam-mon-goi-xoai-thit-ba-chi-chien-chua-chua-ngot-19423
Món chiên,https://www.dienmayxanh.com/vao-bep/tong-hop-5-cach-lam-bi-do-chien-gion-rum-thom-ngon-cho-ngay-14033
Món hấp,https://www.dienmayxanh.com/vao-bep/mach-ban-bi-quyet-lam-mong-gio-luoc-trang-gion-khong-hoi-cuc-23414
Món hấp,https://www.dienmayxanh.com/vao-bep/cach-lam-trung-ga-hap-la-mo-bui-thom-hap-dan-cuc-bo-duong-15928
Món hấp,https://www.dienmayxanh.com/vao-bep/cach-lam-mon-muop-dang-nhoi-thit-hap-mau-dep-bo-duong-ngay-23405
Món hấp,https://www.dienmayxanh.com/vao-bep/cach-lam-oc-van-luoc-ngon-sieu-don-gian-tai-nha-dam-bao-an-la-23404
Món hấp,https://www.dienmayxanh.com/vao-bep/cach-lam-san-hap-cot-dua-la-nep-deo-thom-ngot-diu-cho-mua-23391
Món lẩu,https://www.dienmayxanh.com/vao-bep/cach-nau-lau-duoi-bo-thuoc-bac-bang-noi-ap-suat-nhanh-chong-15720
Món lẩu,https://www.dienmayxanh.com/vao-bep/cach-nau-lau-ca-tam-nau-me-thom-ngon-la-vi-chieu-dai-gia-dinh-08094
Món lẩu,https://www.dienmayxanh.com/vao-bep/cach-nau-lau-bao-tu-ham-tieu-xanh-nong-hoi-thom-ngon-dam-da-08207
Món lẩu,https://www.dienmayxanh.com/vao-bep/cach-nau-lau-ca-tam-chua-cay-thanh-mat-giai-nhiet-cho-bua-an-08001
Món lẩu,https://www.dienmayxanh.com/vao-bep/cach-lam-lau-luon-bap-chuoi-ngon-ngot-hap-dan-don-gian-tai-08194
Món gỏi - salad,https://www.dienmayxanh.com/vao-bep/cong-thuc-tron-nom-gio-lua-dua-chuot-gion-ngon-giai-ngay-don-23424
Món gỏi - salad,https://www.dienmayxanh.com/vao-bep/hoc-cach-danh-tiet-canh-lon-dong-ngot-thom-cuc-dinh-tai-nha-23419
Món gỏi - salad,https://www.dienmayxanh.com/vao-bep/cach-lam-sashimi-ca-trich-ep-trung-tai-nha-sieu-don-gian-23411
Món gỏi - salad,https://www.dienmayxanh.com/vao-bep/hoc-ngay-mon-goi-bo-khoai-mon-chien-gion-la-mieng-gion-rum-23397
Món gỏi - salad,https://www.dienmayxanh.com/vao-bep/cach-lam-sashimi-ca-ngu-tuoi-song-dung-chuan-nha-hang-nhat-23393
Món từ gà,https://www.dienmayxanh.com/vao-bep/cach-lam-muoi-tieu-chanh-cham-ga-hai-san-hot-vit-don-gian-bao-23423
Món từ gà,https://www.dienmayxanh.com/vao-bep/cach-lam-ga-kho-mang-dam-da-hap-dan-doi-vi-cho-bua-com-gia-09783
Món từ gà,https://www.dienmayxanh.com/vao-bep/cach-nau-chao-ga-xe-phay-sieu-ngon-tu-cong-thuc-doc-dao-de-13583
Món từ gà,https://www.dienmayxanh.com/vao-bep/cach-uop-ga-nuong-truyen-thong-don-gian-ma-ai-cung-nen-biet-23398
Món từ gà,https://www.dienmayxanh.com/vao-bep/cach-lam-chan-ga-rut-xuong-ngam-sa-tac-ngon-ngat-ngay-cuc-de-08005
Món từ bò,https://www.dienmayxanh.com/vao-bep/cach-nau-chao-duoi-bo-vua-ngon-vua-bo-sung-dinh-duong-cho-ca-13803
Món từ bò,https://www.dienmayxanh.com/vao-bep/cach-nau-lau-duoi-bo-thuoc-bac-bang-noi-ap-suat-nhanh-chong-15720
Món từ bò,https://www.dienmayxanh.com/vao-bep/cach-nau-chao-dau-xanh-thit-bo-thom-ngon-don-gian-bo-duong-09252
Món từ bò,https://www.dienmayxanh.com/vao-bep/cong-thuc-thit-bo-om-dua-chua-ngot-dam-da-chuan-vi-va-vo-cung-23406
Món từ bò,https://www.dienmayxanh.com/vao-bep/cach-lam-bap-bo-ngam-mam-tieu-xanh-tai-nha-dam-bao-thanh-cong-23407
Món chay,https://www.dienmayxanh.com/vao-bep/cach-nau-canh-rau-ngot-khong-rau-ngot-chay-thanh-dam-ma-dua-13650
Món chay,https://www.dienmayxanh.com/vao-bep/2-cach-lam-bun-tron-chay-thom-ngon-don-gian-thanh-dam-cho-bua-08509
Món chay,https://www.dienmayxanh.com/vao-bep/cach-lam-hu-tieu-bo-kho-chay-thom-ngon-du-chat-cho-bua-sang-10277
Món chay,https://www.dienmayxanh.com/vao-bep/cach-lam-suon-non-chay-don-gian-thom-ngon-ngay-tai-nha-13461
Món chay,https://www.dienmayxanh.com/vao-bep/cach-lam-dau-phu-bang-nuoc-chua-don-gian-de-lam-13343
Ăn vặt,https://www.dienmayxanh.com/vao-bep/cach-lam-banh-mi-gao-lut-tai-nha-healthy-giu-dang-don-gian-23427
Ăn vặt,https://www.dienmayxanh.com/vao-bep/cong-thuc-lam-banh-khoai-mi-chien-gion-de-lam-mon-an-vat-ngon-23413
Ăn vặt,https://www.dienmayxanh.com/vao-bep/cach-lam-bot-rang-muoi-chuan-vi-than-thanh-cho-cac-mon-rang-09172
Ăn vặt,https://www.dienmayxanh.com/vao-bep/cach-lam-san-hap-cot-dua-la-nep-deo-thom-ngot-diu-cho-mua-23391
Ăn vặt,https://www.dienmayxanh.com/vao-bep/cong-thuc-com-xao-ha-noi-chuan-vi-co-truyen-cuc-de-lam-voi-23389
Ngày lễ Tết,https://www.dienmayxanh.com/vao-bep/cach-nau-canh-moc-nam-huong-ngot-thanh-chuan-vi-cho-mam-co-23415
Ngày lễ Tết,https://www.dienmayxanh.com/vao-bep/5-kinh-nghiem-nau-banh-tet-bang-noi-ap-suat-ban-nen-biet-de-16319
Ngày lễ Tết,https://www.dienmayxanh.com/vao-bep/tong-hop-30-cach-lam-cac-mon-an-vat-mua-lanh-nong-hoi-cho-mua-15771
Ngày lễ Tết,https://www.dienmayxanh.com/vao-bep/cach-lam-bap-bo-ngam-mam-tieu-xanh-tai-nha-dam-bao-thanh-cong-23407
Ngày lễ Tết,https://www.dienmayxanh.com/vao-bep/cac-cach-nau-xoi-ngon-deo-mem-don-gian-nhat-danh-cho-cac-ban-12452
Thức uống,https://www.dienmayxanh.com/vao-bep/cach-lam-ky-tu-ngam-ruou-tao-do-dong-trung-ha-thao-tai-nha-23426
Thức uống,https://www.dienmayxanh.com/vao-bep/cach-lam-nuoc-ep-nha-dam-mat-ong-giam-can-ngot-mat-de-uong-15304
Thức uống,https://www.dienmayxanh.com/vao-bep/cach-lam-gung-ngam-ruou-dung-chuan-bang-may-xay-sinh-to-23418
Thức uống,https://www.dienmayxanh.com/vao-bep/cach-lam-sinh-to-dua-sap-don-gian-beo-ngay-mat-lanh-tai-nha-07923
Thức uống,https://www.dienmayxanh.com/vao-bep/cach-lam-nuoc-ep-bong-cai-xanh-sup-lo-xanh-cuc-tot-cho-suc-09902
Sinh tố,https://www.dienmayxanh.com/vao-bep/4-cach-lam-sinh-to-bi-dao-thom-ngon-thanh-mat-ho-tro-giam-can-12349
Sinh tố,https://www.dienmayxanh.com/vao-bep/cach-lam-sinh-to-dua-sap-don-gian-beo-ngay-mat-lanh-tai-nha-07923
Sinh tố,https://www.dienmayxanh.com/vao-bep/cach-lam-sinh-to-thanh-long-do-ngon-bo-duong-don-gian-cuc-dep-15223
Sinh tố,https://www.dienmayxanh.com/vao-bep/cach-lam-sinh-to-bo-dau-phong-thom-beo-cho-bua-sang-day-dinh-14712
Sinh tố,https://www.dienmayxanh.com/vao-bep/cach-lam-sinh-to-dau-do-bich-bui-ngot-thom-ngon-don-gian-tai-11615
Trà sữa,https://www.dienmayxanh.com/vao-bep/2-cach-lam-tra-sua-bap-ngo-thom-beo-la-mieng-ca-nha-deu-thich-12020
Trà sữa,https://www.dienmayxanh.com/vao-bep/cach-lam-tra-sua-trai-bo-tuoi-mat-thom-beo-ca-nha-ai-cung-10333
Trà sữa,https://www.dienmayxanh.com/vao-bep/cach-pha-tra-sua-phuc-long-tai-nha-ngon-chuan-vi-khong-kem-gi-11787
Trà sữa,https://www.dienmayxanh.com/vao-bep/2-cach-lam-tra-sua-tiramisu-kem-va-tra-sua-tiramisu-kem-pho-12255
Trà sữa,https://www.dienmayxanh.com/vao-bep/cach-lam-tra-sua-tran-chau-duong-den-don-gian-tai-nha-ngon-08545
Nước ép,https://www.dienmayxanh.com/vao-bep/cach-lam-nuoc-ep-nha-dam-mat-ong-giam-can-ngot-mat-de-uong-15304
Nước ép,https://www.dienmayxanh.com/vao-bep/cach-lam-nuoc-ep-bong-cai-xanh-sup-lo-xanh-cuc-tot-cho-suc-09902
Nước ép,https://www.dienmayxanh.com/vao-bep/cach-lam-nuoc-ep-ca-chua-ca-rot-tuoi-ngon-dep-da-thon-dang-14777
Nước ép,https://www.dienmayxanh.com/vao-bep/cach-lam-nuoc-ep-dua-le-ngot-thanh-khong-bi-dang-don-gian-tai-10154
Nước ép,https://www.dienmayxanh.com/vao-bep/cach-lam-nuoc-ep-buoi-ca-chua-khong-dang-bang-may-ep-de-uong-15571
Món tráng miệng,https://www.dienmayxanh.com/vao-bep/cach-nau-che-khoai-mi-vien-nuoc-cot-dua-2-mau-thom-ngon-dep-13146
Món tráng miệng,https://www.dienmayxanh.com/vao-bep/cac-cach-lam-sua-chua-tu-sua-tuoi-thom-ngon-cuc-ky-don-gian-13851
Món tráng miệng,https://www.dienmayxanh.com/vao-bep/cong-thuc-com-xao-ha-noi-chuan-vi-co-truyen-cuc-de-lam-voi-23389
Món tráng miệng,https://www.dienmayxanh.com/vao-bep/cach-nau-che-du-du-tiem-cua-nguoi-hoa-vua-thanh-mat-vua-bo-08039
Món tráng miệng,https://www.dienmayxanh.com/vao-bep/cach-lam-banh-chuoi-hap-bang-bot-nang-cham-nuoc-cot-dua-deo-23385
Món khô - mắm,https://www.dienmayxanh.com/vao-bep/cach-lam-muoi-tieu-chanh-cham-ga-hai-san-hot-vit-don-gian-bao-23423
Món khô - mắm,https://www.dienmayxanh.com/vao-bep/cach-lam-bong-cai-ngam-chua-ngot-gion-ngon-hap-dan-ai-cung-me-12098
Món khô - mắm,https://www.dienmayxanh.com/vao-bep/cach-lam-bap-bo-ngam-mam-tieu-xanh-tai-nha-dam-bao-thanh-cong-23407
Món khô - mắm,https://www.dienmayxanh.com/vao-bep/bi-quyet-lam-kho-ca-tra-phong-gion-ngon-chuan-vi-mien-tay-cuc-23396
Món khô - mắm,https://www.dienmayxanh.com/vao-bep/cach-lam-tuong-den-cham-bo-vien-ca-vien-chuan-vi-co-the-dung-23381
Món cuốn - trộn,https://www.dienmayxanh.com/vao-bep/cach-lam-cha-cuon-la-buoi-la-mieng-thom-ngon-kho-cuong-14441
Món cuốn - trộn,https://www.dienmayxanh.com/vao-bep/cach-nhat-rau-muong-de-xao-va-an-song-nhanh-chuan-lam-bua-com-23412
Món cuốn - trộn,https://www.dienmayxanh.com/vao-bep/2-cach-lam-bun-tron-chay-thom-ngon-don-gian-thanh-dam-cho-bua-08509
Món cuốn - trộn,https://www.dienmayxanh.com/vao-bep/cach-lam-mi-tron-pho-mai-xuc-xich-thom-ngon-hap-dan-de-lam-12604
Món cuốn - trộn,https://www.dienmayxanh.com/vao-bep/cach-lam-mi-tron-muoi-ot-cay-nong-bat-vi-de-lam-tai-nha-13654
